date,沪深300ETF,中证500ETF,创业板ETF,"科创50ETF
"
2020/11/16,5.362,1.973,2.62,1.465
2020/11/17,5.353,1.96,2.572,1.436
2020/11/18,5.346,1.958,2.534,1.424
2020/11/19,5.388,1.969,2.556,1.438
2020/11/20,5.403,1.986,2.576,1.435
2020/11/23,5.461,2.001,2.593,1.422
2020/11/24,5.429,2,2.582,1.416
2020/11/25,5.367,1.968,2.528,1.393
2020/11/26,5.374,1.962,2.522,1.39
2020/11/27,5.445,1.97,2.532,1.392
2020/11/30,5.42,1.956,2.541,1.391
2020/12/1,5.531,1.987,2.602,1.409
2020/12/2,5.52,1.989,2.593,1.414
2020/12/3,5.518,1.996,2.619,1.417
2020/12/4,5.529,2.003,2.637,1.411
2020/12/7,5.485,1.988,2.628,1.412
2020/12/8,5.469,1.986,2.646,1.408
2020/12/9,5.409,1.955,2.598,1.38
2020/12/10,5.399,1.958,2.627,1.383
2020/12/11,5.343,1.926,2.601,1.396
2020/12/14,5.387,1.941,2.641,1.413
2020/12/15,5.402,1.943,2.667,1.406
2020/12/16,5.412,1.935,2.667,1.388
2020/12/17,5.483,1.959,2.694,1.406
2020/12/18,5.454,1.952,2.688,1.403
2020/12/21,5.499,1.983,2.778,1.43
2020/12/22,5.422,1.945,2.718,1.403
2020/12/23,5.463,1.956,2.745,1.417
2020/12/24,5.463,1.931,2.726,1.393
2020/12/25,5.505,1.949,2.749,1.394
2020/12/28,5.519,1.937,2.745,1.38
2020/12/29,5.503,1.929,2.717,1.381
2020/12/30,5.567,1.945,2.799,1.403
2020/12/31,5.676,1.974,2.866,1.434
2021/1/4,5.723,2.008,2.976,1.464
2021/1/5,5.822,2.026,2.988,1.468
2021/1/6,5.871,2.023,3.003,1.458
2021/1/7,5.988,2.032,3.056,1.429
2021/1/8,5.96,2.037,3.036,1.423
2021/1/11,5.897,2.005,2.989,1.437
2021/1/12,6.057,2.03,3.076,1.45
2021/1/13,6.035,2.017,3.025,1.454
2021/1/14,5.932,2.003,2.987,1.498
2021/1/15,5.915,1.996,2.99,1.492
2021/1/18,5.974,2.02,3.046,1.526
2021/1/19,5.899,2.009,2.976,1.492
2021/1/20,5.929,2.027,3.096,1.524
2021/1/21,6.023,2.056,3.176,1.526
2021/1/22,6.026,2.058,3.241,1.536
2021/1/25,6.092,2.062,3.242,1.542
2021/1/26,5.972,2.03,3.152,1.524
2021/1/27,5.982,2.035,3.166,1.503
2021/1/28,5.846,1.997,3.057,1.469
2021/1/29,5.809,1.969,3.029,1.467
2021/2/1,5.872,1.983,3.056,1.467
2021/2/2,5.952,2.002,3.118,1.478
2021/2/3,5.946,1.99,3.106,1.456
2021/2/4,5.935,1.968,3.098,1.435
2021/2/5,5.943,1.939,3.084,1.414
2021/2/9,6.153,2.002,3.222,1.472
2021/2/10,6.268,2.025,3.293,1.478
2021/2/18,6.225,2.055,3.202,1.476
2021/2/19,6.257,2.084,3.17,1.472
2021/2/22,6.05,2.065,3.032,1.433
2021/2/23,6.035,2.059,3.009,1.433
2021/2/24,5.888,2.033,2.904,1.409
2021/2/25,5.939,2.023,2.878,1.393
2021/2/26,5.79,1.978,2.814,1.368
2021/3/1,5.879,2.013,2.894,1.4
2021/3/2,5.81,1.997,2.859,1.392
2021/3/3,5.915,2.024,2.9,1.4
2021/3/4,5.748,1.99,2.751,1.366
2021/3/5,5.727,1.993,2.772,1.37
2021/3/8,5.541,1.945,2.633,1.316
2021/3/9,5.44,1.901,2.547,1.269
2021/3/10,5.461,1.882,2.586,1.272
2021/3/11,5.59,1.932,2.65,1.304
2021/3/12,5.603,1.933,2.658,1.298
2021/3/15,5.501,1.921,2.555,1.26
2021/3/16,5.534,1.922,2.579,1.258
2021/3/17,5.557,1.933,2.607,1.271
2021/3/18,5.597,1.947,2.65,1.277
2021/3/19,5.458,1.931,2.579,1.266
2021/3/22,5.515,1.956,2.607,1.28
2021/3/23,5.47,1.934,2.579,1.273
2021/3/24,5.394,1.913,2.543,1.258
2021/3/25,5.39,1.917,2.567,1.259
2021/3/26,5.494,1.942,2.65,1.293
2021/3/29,5.504,1.942,2.637,1.286
2021/3/30,5.548,1.949,2.673,1.286
2021/3/31,5.511,1.946,2.665,1.284
2021/4/1,5.573,1.96,2.718,1.303
2021/4/2,5.622,1.964,2.756,1.338
2021/4/6,5.594,1.968,2.73,1.335
2021/4/7,5.559,1.971,2.707,1.339
2021/4/8,5.57,1.977,2.728,1.33
2021/4/9,5.499,1.97,2.69,1.309
2021/4/12,5.415,1.938,2.627,1.282
2021/4/13,5.408,1.932,2.649,1.28
2021/4/14,5.436,1.95,2.707,1.29
2021/4/15,5.408,1.952,2.698,1.3
2021/4/16,5.424,1.976,2.688,1.315
2021/4/19,5.55,1.996,2.798,1.336
2021/4/20,5.542,2,2.791,1.33
2021/4/21,5.554,1.995,2.814,1.325
2021/4/22,5.55,2.002,2.837,1.345
2021/4/23,5.601,2.012,2.891,1.352
2021/4/26,5.537,2.004,2.863,1.352
2021/4/27,5.55,2.003,2.884,1.352
2021/4/28,5.588,2.018,2.949,1.361
2021/4/29,5.634,2.018,2.952,1.363
2021/4/30,5.589,2.021,2.989,1.364
2021/5/6,5.522,2.015,2.904,1.348
2021/5/7,5.461,2.006,2.819,1.304
2021/5/10,5.46,2.012,2.827,1.294
2021/5/11,5.486,2.007,2.823,1.294
2021/5/12,5.517,2.029,2.865,1.31
2021/5/13,5.462,2.007,2.845,1.313
2021/5/14,5.588,2.038,2.937,1.341
2021/5/17,5.649,2.048,3.007,1.367
2021/5/18,5.651,2.054,2.988,1.359
2021/5/19,5.637,2.05,3.012,1.365
2021/5/20,5.651,2.043,3.043,1.369
2021/5/21,5.596,2.035,3.012,1.354
2021/5/24,5.624,2.041,3.036,1.371
2021/5/25,5.788,2.063,3.119,1.408
2021/5/26,5.789,2.066,3.095,1.404
2021/5/27,5.808,2.083,3.118,1.437
2021/5/28,5.793,2.082,3.121,1.43
2021/5/31,5.799,2.097,3.195,1.484
2021/6/1,5.807,2.1,3.188,1.502
2021/6/2,5.764,2.087,3.133,1.469
2021/6/3,5.723,2.083,3.099,1.456
2021/6/4,5.756,2.093,3.141,1.475
2021/6/7,5.75,2.098,3.122,1.475
2021/6/8,5.708,2.091,3.105,1.465
2021/6/9,5.716,2.089,3.1,1.472
2021/6/10,5.75,2.115,3.179,1.498
2021/6/11,5.701,2.105,3.195,1.493
2021/6/15,5.642,2.079,3.155,1.499
2021/6/16,5.571,2.054,3.024,1.453
2021/6/17,5.582,2.067,3.088,1.528
2021/6/18,5.587,2.088,3.137,1.55
2021/6/21,5.58,2.096,3.166,1.584
2021/6/22,5.606,2.108,3.174,1.58
2021/6/23,5.637,2.125,3.217,1.588
2021/6/24,5.65,2.118,3.174,1.561
2021/6/25,5.731,2.134,3.243,1.595
2021/6/28,5.74,2.136,3.305,1.618
2021/6/29,5.686,2.12,3.297,1.621
2021/6/30,5.717,2.13,3.373,1.648
2021/7/1,5.715,2.106,3.34,1.633
2021/7/2,5.574,2.088,3.227,1.594
2021/7/5,5.581,2.101,3.25,1.64
2021/7/6,5.588,2.1,3.196,1.591
2021/7/7,5.641,2.12,3.305,1.624
2021/7/8,5.597,2.116,3.322,1.67
2021/7/9,5.573,2.135,3.303,1.644
2021/7/12,5.641,2.165,3.427,1.66
2021/7/13,5.657,2.185,3.411,1.654
2021/7/14,5.6,2.171,3.382,1.616
2021/7/15,5.668,2.176,3.429,1.617
2021/7/16,5.617,2.179,3.328,1.584
2021/7/19,5.639,2.167,3.35,1.573
2021/7/20,5.626,2.169,3.356,1.577
2021/7/21,5.665,2.197,3.455,1.623
2021/7/22,5.67,2.206,3.438,1.638
2021/7/23,5.618,2.202,3.367,1.627
2021/7/26,5.443,2.162,3.27,1.616
2021/7/27,5.27,2.12,3.14,1.605
2021/7/28,5.28,2.088,3.183,1.574
2021/7/29,5.367,2.124,3.358,1.651
2021/7/30,5.333,2.131,3.328,1.651
2021/8/2,5.454,2.16,3.393,1.657
2021/8/3,5.456,2.144,3.363,1.621
2021/8/4,5.5,2.176,3.446,1.665
2021/8/5,5.47,2.174,3.419,1.664
2021/8/6,5.454,2.184,3.386,1.65
2021/8/9,5.509,2.192,3.348,1.631
2021/8/10,5.566,2.207,3.366,1.647
2021/8/11,5.539,2.224,3.326,1.639
2021/8/12,5.507,2.233,3.28,1.646
2021/8/13,5.48,2.233,3.249,1.611
2021/8/16,5.477,2.222,3.206,1.607
2021/8/17,5.365,2.173,3.126,1.566
2021/8/18,5.418,2.182,3.16,1.565
2021/8/19,5.384,2.187,3.177,1.603
2021/8/20,5.294,2.178,3.1,1.59
2021/8/23,5.366,2.209,3.195,1.621
2021/8/24,5.418,2.232,3.225,1.636
2021/8/25,5.432,2.25,3.241,1.601
2021/8/26,5.347,2.241,3.164,1.555
2021/8/27,5.36,2.258,3.158,1.538
2021/8/30,5.342,2.273,3.164,1.527
2021/8/31,5.34,2.282,3.106,1.491
2021/9/1,5.41,2.263,3.094,1.48
2021/9/2,5.406,2.304,3.046,1.456
2021/9/3,5.379,2.292,3.01,1.457
2021/9/6,5.463,2.312,3.129,1.493
2021/9/7,5.526,2.363,3.147,1.494
2021/9/8,5.505,2.378,3.123,1.467
2021/9/9,5.503,2.399,3.126,1.454
2021/9/10,5.552,2.398,3.135,1.482
2021/9/13,5.525,2.406,3.095,1.438
2021/9/14,5.459,2.379,3.14,1.452
2021/9/15,5.406,2.389,3.105,1.437
2021/9/16,5.35,2.346,3.035,1.402
2021/9/17,5.389,2.327,3.097,1.413
2021/9/22,5.356,2.35,3.068,1.41
2021/9/23,5.385,2.363,3.086,1.419
2021/9/24,5.392,2.328,3.109,1.428
2021/9/27,5.424,2.264,3.13,1.424
2021/9/28,5.415,2.265,3.114,1.407
2021/9/29,5.382,2.214,3.083,1.399
2021/9/30,5.396,2.234,3.148,1.423
2021/10/8,5.467,2.231,3.138,1.417
2021/10/11,5.466,2.229,3.096,1.404
2021/10/12,5.414,2.186,3.042,1.371
2021/10/13,5.47,2.196,3.109,1.395
2021/10/14,5.443,2.204,3.112,1.398
2021/10/15,5.467,2.215,3.176,1.418
2021/10/18,5.409,2.222,3.172,1.405
2021/10/19,5.456,2.239,3.191,1.42
2021/10/20,5.442,2.238,3.185,1.424
2021/10/21,5.464,2.233,3.174,1.415
2021/10/22,5.497,2.215,3.185,1.423
2021/10/25,5.514,2.234,3.236,1.434
2021/10/26,5.497,2.237,3.221,1.429
2021/10/27,5.431,2.217,3.205,1.412
2021/10/28,5.41,2.191,3.178,1.412
2021/10/29,5.442,2.213,3.249,1.45
2021/11/1,5.426,2.222,3.224,1.459
2021/11/2,5.374,2.2,3.228,1.46
2021/11/3,5.354,2.207,3.222,1.454
2021/11/4,5.401,2.225,3.26,1.466
2021/11/5,5.384,2.207,3.248,1.453
2021/11/8,5.38,2.214,3.278,1.454
2021/11/9,5.378,2.228,3.3,1.476
2021/11/10,5.353,2.222,3.296,1.475
2021/11/11,5.433,2.241,3.324,1.493
2021/11/12,5.431,2.253,3.324,1.497
2021/11/15,5.425,2.236,3.295,1.486
2021/11/16,5.421,2.221,3.282,1.475
2021/11/17,5.42,2.234,3.317,1.491
2021/11/18,5.376,2.234,3.274,1.479
2021/11/19,5.431,2.261,3.313,1.501
2021/11/22,5.444,2.28,3.393,1.533
2021/11/23,5.447,2.286,3.38,1.532
2021/11/24,5.458,2.284,3.362,1.527
2021/11/25,5.439,2.282,3.368,1.524
2021/11/26,5.397,2.276,3.364,1.515
2021/11/29,5.39,2.278,3.389,1.531
2021/11/30,5.372,2.283,3.386,1.53
2021/12/1,5.385,2.294,3.365,1.511
2021/12/2,5.395,2.281,3.355,1.483
2021/12/3,5.44,2.302,3.37,1.499
2021/12/6,5.435,2.284,3.294,1.462
2021/12/7,5.463,2.27,3.266,1.447
2021/12/8,5.535,2.303,3.314,1.468
2021/12/9,5.619,2.305,3.353,1.489
2021/12/10,5.604,2.305,3.37,1.499
2021/12/13,5.617,2.31,3.389,1.495
2021/12/14,5.586,2.304,3.384,1.493
2021/12/15,5.54,2.301,3.355,1.475
2021/12/16,5.567,2.322,3.378,1.478
2021/12/17,5.494,2.306,3.328,1.452
2021/12/20,5.419,2.27,3.225,1.421
2021/12/21,5.44,2.287,3.247,1.431
2021/12/22,5.443,2.296,3.26,1.428
2021/12/23,5.481,2.309,3.269,1.43
2021/12/24,5.458,2.296,3.196,1.415
2021/12/27,5.462,2.291,3.19,1.411
2021/12/28,5.488,2.292,3.226,1.422
2021/12/29,5.421,2.287,3.182,1.41
2021/12/30,5.457,2.303,3.219,1.43
2021/12/31,5.469,2.315,3.218,1.452
2022/1/4,5.451,2.317,3.154,1.42
2022/1/5,5.404,2.271,3.064,1.384
2022/1/6,5.348,2.274,3.034,1.375
2022/1/7,5.36,2.263,3.003,1.358
2022/1/10,5.373,2.263,2.998,1.372
2022/1/11,5.328,2.25,2.96,1.344
2022/1/12,5.38,2.265,3.035,1.366
2022/1/13,5.299,2.24,2.99,1.348
2022/1/14,5.255,2.229,3.015,1.366
2022/1/17,5.296,2.252,3.068,1.391
2022/1/18,5.342,2.255,3.047,1.395
2022/1/19,5.316,2.243,2.985,1.378
2022/1/20,5.354,2.225,2.975,1.362
2022/1/21,5.32,2.201,2.941,1.344
2022/1/24,5.322,2.199,2.962,1.362
2022/1/25,5.216,2.127,2.881,1.327
2022/1/26,5.242,2.134,2.906,1.326
2022/1/27,5.161,2.083,2.815,1.291
2022/1/28,5.09,2.069,2.819,1.283
2022/2/7,5.162,2.099,2.83,1.284
2022/2/8,5.14,2.124,2.758,1.256
2022/2/9,5.179,2.153,2.791,1.26
2022/2/10,5.168,2.153,2.74,1.238
2022/2/11,5.132,2.127,2.66,1.217
2022/2/14,5.083,2.109,2.646,1.22
2022/2/15,5.125,2.127,2.726,1.25
2022/2/16,5.146,2.132,2.725,1.245
2022/2/17,5.156,2.132,2.744,1.255
2022/2/18,5.18,2.151,2.739,1.252
2022/2/21,5.163,2.161,2.713,1.241
2022/2/22,5.103,2.137,2.678,1.231
2022/2/23,5.151,2.168,2.754,1.279
2022/2/24,5.066,2.131,2.693,1.266
2022/2/25,5.101,2.146,2.763,1.29
2022/2/28,5.107,2.157,2.786,1.297
2022/3/1,5.145,2.163,2.795,1.29
2022/3/2,5.11,2.164,2.741,1.281
2022/3/3,5.081,2.161,2.704,1.26
2022/3/4,5.03,2.146,2.662,1.254
2022/3/7,4.882,2.097,2.543,1.217
2022/3/8,4.8,2.019,2.507,1.183
2022/3/9,4.76,1.984,2.483,1.184
2022/3/10,4.82,2.016,2.547,1.201
2022/3/11,4.848,2.045,2.583,1.212
2022/3/14,4.708,1.991,2.49,1.174
2022/3/15,4.509,1.874,2.421,1.142
2022/3/16,4.682,1.94,2.552,1.172
2022/3/17,4.766,1.971,2.624,1.189
2022/3/18,4.794,1.991,2.635,1.19
2022/3/21,4.788,1.999,2.636,1.2
2022/3/22,4.784,2,2.602,1.181
2022/3/23,4.809,2.013,2.629,1.191
2022/3/24,4.782,1.998,2.62,1.182
2022/3/25,4.705,1.972,2.565,1.153
2022/3/28,4.68,1.979,2.512,1.136
2022/3/29,4.662,1.968,2.511,1.125
2022/3/30,4.785,2.011,2.61,1.158
2022/3/31,4.754,1.993,2.574,1.137
2022/4/1,4.805,2.007,2.58,1.135
2022/4/6,4.793,2.003,2.55,1.103
2022/4/7,4.741,1.957,2.496,1.081
2022/4/8,4.769,1.964,2.491,1.072
2022/4/11,4.637,1.901,2.386,1.032
2022/4/12,4.707,1.932,2.44,1.038
2022/4/13,4.675,1.904,2.394,1.006
2022/4/14,4.719,1.929,2.389,1.017
2022/4/15,4.717,1.912,2.385,1.017
2022/4/18,4.697,1.914,2.412,1.047
2022/4/19,4.67,1.92,2.377,1.03
2022/4/20,4.6,1.876,2.288,1.013
2022/4/21,4.532,1.818,2.24,1.001
2022/4/22,4.542,1.807,2.225,0.983
2022/4/25,4.349,1.689,2.103,0.924
2022/4/26,4.319,1.658,2.086,0.909
2022/4/27,4.425,1.714,2.2,0.945
2022/4/28,4.451,1.709,2.158,0.941
2022/4/29,4.551,1.779,2.244,0.986
2022/5/5,4.536,1.792,2.212,0.994
2022/5/6,4.439,1.751,2.177,0.984
2022/5/9,4.407,1.767,2.162,0.987
2022/5/10,4.452,1.797,2.204,1.014
2022/5/11,4.507,1.809,2.272,1.045
2022/5/12,4.487,1.81,2.277,1.056
2022/5/13,4.518,1.831,2.285,1.055
2022/5/16,4.487,1.825,2.257,1.038
2022/5/17,4.536,1.835,2.293,1.052
2022/5/18,4.522,1.829,2.29,1.057
2022/5/19,4.531,1.846,2.306,1.08
2022/5/20,4.615,1.875,2.347,1.089
2022/5/23,4.583,1.882,2.332,1.089
2022/5/24,4.501,1.818,2.246,1.041
2022/5/25,4.518,1.847,2.253,1.049
2022/5/26,4.528,1.869,2.249,1.048
2022/5/27,4.538,1.869,2.251,1.036
2022/5/30,4.561,1.879,2.276,1.044
2022/5/31,4.625,1.908,2.334,1.078
2022/6/1,4.619,1.906,2.354,1.078
2022/6/2,4.63,1.929,2.386,1.126
2022/6/6,4.712,1.96,2.477,1.169
2022/6/7,4.718,1.959,2.478,1.16
2022/6/8,4.76,1.972,2.494,1.158
2022/6/9,4.726,1.949,2.423,1.128
2022/6/10,4.784,1.984,2.48,1.149
2022/6/13,4.732,1.978,2.469,1.134
2022/6/14,4.772,1.998,2.475,1.117
2022/6/15,4.821,1.99,2.497,1.111
2022/6/16,4.794,1.993,2.507,1.126
2022/6/17,4.857,2.012,2.584,1.143
2022/6/20,4.878,2.012,2.626,1.143
2022/6/21,4.876,1.998,2.615,1.131
2022/6/22,4.826,1.966,2.596,1.11
2022/6/23,4.901,2.01,2.68,1.132
2022/6/24,4.949,2.033,2.738,1.152
2022/6/27,4.997,2.042,2.741,1.152
2022/6/28,5.049,2.076,2.754,1.168
2022/6/29,4.994,2.043,2.683,1.14
2022/6/30,5.044,2.059,2.73,1.155
2022/7/1,5.029,2.056,2.699,1.142
2022/7/4,5.057,2.081,2.75,1.142
2022/7/5,5.047,2.078,2.739,1.139
2022/7/6,4.988,2.051,2.725,1.15
2022/7/7,5.004,2.059,2.769,1.161
2022/7/8,5,2.047,2.731,1.153
2022/7/11,4.924,2.02,2.69,1.129
2022/7/12,4.888,1.996,2.622,1.096
2022/7/13,4.895,2.003,2.665,1.099
2022/7/14,4.896,2.017,2.735,1.125
2022/7/15,4.831,1.983,2.68,1.121
2022/7/18,4.877,2.02,2.717,1.119
2022/7/19,4.855,2.027,2.67,1.11
2022/7/20,4.867,2.053,2.68,1.128
2022/7/21,4.822,2.033,2.67,1.142
2022/7/22,4.825,2.015,2.651,1.133
2022/7/25,4.807,1.995,2.629,1.124
2022/7/26,4.836,2.019,2.634,1.133
2022/7/27,4.812,2.028,2.637,1.147
2022/7/28,4.815,2.033,2.629,1.161
2022/7/29,4.756,2.017,2.594,1.139
2022/8/1,4.774,2.034,2.657,1.154
2022/8/2,4.703,1.983,2.605,1.149
2022/8/3,4.658,1.967,2.553,1.152
2022/8/4,4.689,1.973,2.565,1.167
2022/8/5,4.754,2.014,2.606,1.216
2022/8/8,4.74,2.026,2.596,1.206
2022/8/9,4.747,2.032,2.614,1.218
2022/8/10,4.702,2.028,2.579,1.208
2022/8/11,4.79,2.068,2.647,1.229
2022/8/12,4.791,2.064,2.613,1.201
2022/8/15,4.781,2.067,2.638,1.195
2022/8/16,4.771,2.072,2.652,1.19
2022/8/17,4.812,2.086,2.695,1.186
2022/8/18,4.775,2.078,2.693,1.2
2022/8/19,4.745,2.051,2.653,1.161
2022/8/22,4.772,2.076,2.699,1.158
2022/8/23,4.758,2.077,2.697,1.159
2022/8/24,4.681,2.017,2.6,1.119
2022/8/25,4.717,2.028,2.59,1.106
2022/8/26,4.711,2.024,2.566,1.095
2022/8/29,4.686,2.023,2.553,1.102
2022/8/30,4.677,2.02,2.538,1.098
2022/8/31,4.677,1.977,2.491,1.077
2022/9/1,4.643,1.97,2.463,1.076
2022/9/2,4.62,1.973,2.461,1.079
2022/9/5,4.618,1.983,2.467,1.074
2022/9/6,4.647,2.017,2.468,1.087
2022/9/7,4.655,2.022,2.493,1.102
2022/9/8,4.637,2.015,2.448,1.092
2022/9/9,4.695,2.028,2.476,1.083
2022/9/13,4.709,2.022,2.475,1.078
2022/9/14,4.663,2.007,2.431,1.08
2022/9/15,4.626,1.961,2.349,1.046
2022/9/16,4.536,1.912,2.297,1.045
2022/9/19,4.525,1.9,2.285,1.021
2022/9/20,4.527,1.91,2.297,1.028
2022/9/21,4.497,1.92,2.265,1.016
2022/9/22,4.468,1.917,2.252,1.021
2022/9/23,4.46,1.894,2.239,1.006
2022/9/26,4.435,1.864,2.253,1.004
2022/9/27,4.485,1.899,2.306,1.019
2022/9/28,4.429,1.855,2.249,0.999
2022/9/29,4.43,1.859,2.267,1.004
2022/9/30,4.404,1.834,2.221,0.981
2022/10/10,4.325,1.813,2.166,0.937
2022/10/11,4.322,1.824,2.192,0.932
2022/10/12,4.384,1.868,2.274,0.967
2022/10/13,4.351,1.873,2.282,0.969
2022/10/14,4.439,1.92,2.365,0.998
2022/10/17,4.438,1.929,2.362,1.005
2022/10/18,4.431,1.938,2.373,1.002
2022/10/19,4.372,1.921,2.355,0.993
2022/10/20,4.36,1.915,2.337,1.006
2022/10/21,4.338,1.915,2.321,1.012
2022/10/24,4.24,1.899,2.266,1.012
2022/10/25,4.224,1.883,2.241,1.016
2022/10/26,4.252,1.922,2.302,1.051
2022/10/27,4.226,1.917,2.265,1.048
2022/10/28,4.14,1.856,2.187,1.038
2022/10/31,4.101,1.867,2.202,1.06
2022/11/1,4.239,1.913,2.275,1.071
2022/11/2,4.273,1.927,2.305,1.084
2022/11/3,4.243,1.928,2.309,1.096
2022/11/4,4.37,1.977,2.383,1.121
2022/11/7,4.37,1.972,2.379,1.108
2022/11/8,4.347,1.974,2.363,1.098
2022/11/9,4.307,1.968,2.326,1.085
2022/11/10,4.286,1.961,2.288,1.067
2022/11/11,4.384,1.973,2.33,1.069
2022/11/14,4.386,1.97,2.302,1.071
2022/11/15,4.461,2.004,2.361,1.1
2022/11/16,4.432,1.995,2.33,1.081
2022/11/17,4.415,1.999,2.316,1.088
2022/11/18,4.402,1.995,2.315,1.076
2022/11/21,4.369,1.993,2.319,1.079
2022/11/22,4.367,1.971,2.273,1.061
2022/11/23,4.37,1.968,2.269,1.063
2022/11/24,4.352,1.968,2.264,1.06
2022/11/25,4.373,1.958,2.242,1.045
2022/11/28,4.328,1.949,2.233,1.038
2022/11/29,4.444,1.981,2.268,1.048
2022/11/30,4.447,1.977,2.265,1.041
2022/12/1,4.492,1.987,2.311,1.054
2022/12/2,4.469,1.983,2.316,1.054
2022/12/5,4.54,1.996,2.313,1.051
2022/12/6,4.563,1.996,2.319,1.049
2022/12/7,4.551,1.993,2.343,1.046
2022/12/8,4.56,1.99,2.338,1.044
2022/12/9,4.594,1.993,2.348,1.044
2022/12/12,4.552,1.985,2.333,1.048
2022/12/13,4.541,1.974,2.305,1.031
2022/12/14,4.551,1.966,2.299,1.026
2022/12/15,4.549,1.966,2.326,1.033
2022/12/16,4.553,1.958,2.298,1.02
2022/12/19,4.495,1.917,2.274,0.996
2022/12/20,4.432,1.896,2.243,0.994
2022/12/21,4.429,1.887,2.24,0.981
2022/12/22,4.437,1.866,2.235,0.971
2022/12/23,4.427,1.859,2.222,0.962
2022/12/26,4.436,1.882,2.262,0.992
2022/12/27,4.483,1.894,2.293,1.004
2022/12/28,4.47,1.889,2.267,0.998
2022/12/29,4.458,1.888,2.277,1.004
2022/12/30,4.474,1.89,2.279,1.003
2023/1/3,4.485,1.917,2.289,1.023
2023/1/4,4.49,1.916,2.267,1.016
2023/1/5,4.565,1.935,2.33,1.026
2023/1/6,4.581,1.939,2.35,1.032
2023/1/9,4.606,1.943,2.365,1.032
2023/1/10,4.612,1.948,2.401,1.032
2023/1/11,4.612,1.939,2.374,1.014
2023/1/12,4.618,1.937,2.382,1.016
2023/1/13,4.68,1.953,2.417,1.017
2023/1/16,4.743,1.972,2.462,1.035
2023/1/17,4.739,1.975,2.47,1.045
2023/1/18,4.73,1.983,2.468,1.05
2023/1/19,4.758,2.001,2.496,1.068
2023/1/20,4.781,2.015,2.507,1.073
2023/1/30,4.805,2.022,2.533,1.074
2023/1/31,4.759,2.024,2.507,1.058
2023/2/1,4.79,2.047,2.537,1.071
2023/2/2,4.78,2.05,2.524,1.075
2023/2/3,4.737,2.041,2.5,1.078
2023/2/6,4.68,2.032,2.468,1.068
2023/2/7,4.69,2.033,2.461,1.063
2023/2/8,4.673,2.018,2.447,1.054
2023/2/9,4.727,2.047,2.493,1.082
2023/2/10,4.703,2.041,2.465,1.068
2023/2/13,4.735,2.053,2.495,1.069
2023/2/14,4.744,2.058,2.49,1.065
2023/2/15,4.716,2.055,2.468,1.067
2023/2/16,4.687,2.027,2.436,1.049
2023/2/17,4.629,2.01,2.378,1.029
2023/2/20,4.734,2.041,2.403,1.042
2023/2/21,4.739,2.053,2.395,1.038
2023/2/22,4.699,2.051,2.377,1.032
2023/2/23,4.699,2.048,2.385,1.035
2023/2/24,4.66,2.043,2.357,1.033
2023/2/27,4.645,2.033,2.34,1.028
2023/2/28,4.671,2.046,2.359,1.033
2023/3/1,4.72,2.058,2.372,1.038
2023/3/2,4.715,2.056,2.347,1.032
2023/3/3,4.724,2.055,2.352,1.043
2023/3/6,4.699,2.056,2.361,1.053
2023/3/7,4.642,2.024,2.312,1.034
2023/3/8,4.626,2.027,2.308,1.038
2023/3/9,4.616,2.025,2.303,1.041
2023/3/10,4.561,1.999,2.3,1.037
2023/3/13,4.605,2.01,2.287,1.04
2023/3/14,4.58,1.994,2.276,1.055
2023/3/15,4.579,2.004,2.268,1.048
2023/3/16,4.533,1.979,2.233,1.032
2023/3/17,4.554,1.991,2.228,1.056
2023/3/20,4.532,1.985,2.226,1.068
2023/3/21,4.575,2.006,2.265,1.07
2023/3/22,4.593,2.017,2.27,1.074
2023/3/23,4.631,2.028,2.288,1.099
2023/3/24,4.626,2.031,2.297,1.104
2023/3/27,4.605,2.03,2.323,1.098
2023/3/28,4.597,2.024,2.298,1.08
2023/3/29,4.597,2.016,2.297,1.103
2023/3/30,4.64,2.027,2.313,1.108
2023/3/31,4.65,2.042,2.327,1.124
2023/4/3,4.68,2.062,2.366,1.169
2023/4/4,4.7,2.064,2.35,1.172
2023/4/6,4.688,2.063,2.354,1.193
2023/4/7,4.717,2.079,2.369,1.207
2023/4/10,4.702,2.065,2.368,1.172
2023/4/11,4.692,2.065,2.362,1.165
2023/4/12,4.688,2.072,2.353,1.173
2023/4/13,4.663,2.063,2.332,1.143
2023/4/14,4.684,2.068,2.355,1.182
2023/4/17,4.745,2.078,2.364,1.186
2023/4/18,4.752,2.074,2.354,1.172
2023/4/19,4.719,2.064,2.339,1.178
2023/4/20,4.703,2.062,2.314,1.211
2023/4/21,4.63,2.013,2.269,1.164
2023/4/24,4.579,1.999,2.234,1.142
2023/4/25,4.56,1.969,2.193,1.12
2023/4/26,4.551,1.978,2.226,1.116
2023/4/27,4.586,1.986,2.24,1.112
2023/4/28,4.625,2.015,2.255,1.133
2023/5/4,4.625,2.016,2.23,1.109
2023/5/5,4.609,1.998,2.202,1.093
2023/5/8,4.654,2.01,2.213,1.102
2023/5/9,4.619,1.992,2.18,1.078
2023/5/10,4.588,1.988,2.199,1.069
2023/5/11,4.583,1.982,2.211,1.07
2023/5/12,4.532,1.963,2.185,1.056
2023/5/15,4.595,1.985,2.234,1.067
2023/5/16,4.578,1.972,2.228,1.068
2023/5/17,4.551,1.972,2.229,1.072
2023/5/18,4.55,1.976,2.215,1.078
2023/5/19,4.544,1.977,2.215,1.084
2023/5/22,4.564,1.974,2.214,1.075
2023/5/23,4.507,1.953,2.187,1.06
2023/5/24,4.454,1.939,2.183,1.055
2023/5/25,4.445,1.933,2.184,1.065
2023/5/26,4.45,1.95,2.167,1.082
2023/5/29,4.434,1.948,2.143,1.072
2023/5/30,4.438,1.958,2.155,1.09
2023/5/31,4.402,1.956,2.131,1.097
2023/6/1,4.41,1.959,2.148,1.1
2023/6/2,4.463,1.976,2.175,1.1
2023/6/5,4.445,1.972,2.143,1.096
2023/6/6,4.408,1.935,2.106,1.067
2023/6/7,4.396,1.936,2.075,1.065
2023/6/8,4.428,1.932,2.071,1.053
2023/6/9,4.444,1.949,2.086,1.077
2023/6/12,4.448,1.954,2.095,1.071
2023/6/13,4.477,1.96,2.111,1.084
2023/6/14,4.477,1.962,2.106,1.08
2023/6/15,4.542,1.98,2.179,1.08
2023/6/16,4.579,1.994,2.208,1.098
2023/6/19,4.549,1.991,2.207,1.1
2023/6/20,4.542,1.99,2.21,1.101
2023/6/21,4.487,1.95,2.156,1.066
2023/6/26,4.443,1.917,2.133,1.057
2023/6/27,4.469,1.932,2.138,1.06
2023/6/28,4.477,1.936,2.126,1.055
2023/6/29,4.459,1.934,2.129,1.047
2023/6/30,4.482,1.957,2.164,1.052
2023/7/3,4.527,1.966,2.171,1.055
2023/7/4,4.534,1.971,2.174,1.061
2023/7/5,4.507,1.961,2.156,1.051
2023/7/6,4.479,1.95,2.137,1.048
2023/7/7,4.468,1.944,2.118,1.037
2023/7/10,4.484,1.951,2.145,1.039
2023/7/11,4.51,1.967,2.161,1.046
2023/7/12,4.491,1.948,2.139,1.03
2023/7/13,4.554,1.975,2.182,1.039
2023/7/14,4.552,1.967,2.169,1.036
2023/7/17,4.524,1.962,2.152,1.028
2023/7/18,4.518,1.959,2.147,1.025
2023/7/19,4.516,1.956,2.125,1.019
2023/7/20,4.488,1.935,2.103,1.007
2023/7/21,4.49,1.936,2.11,1
2023/7/24,4.473,1.933,2.09,0.995
2023/7/25,4.585,1.964,2.136,1.009
2023/7/26,4.576,1.961,2.135,1.006
2023/7/27,4.572,1.947,2.129,0.997
2023/7/28,4.668,1.977,2.163,1.007
2023/7/31,4.684,1.989,2.182,1.015
2023/8/1,4.666,1.991,2.168,1.014
2023/8/2,4.637,1.984,2.164,1.012
2023/8/3,4.673,1.991,2.187,1.015
2023/8/4,4.694,2.004,2.204,1.021
2023/8/7,4.663,1.991,2.185,1.014
2023/8/8,4.648,1.984,2.177,1.01
2023/8/9,4.64,1.97,2.174,1.001
2023/8/10,4.645,1.97,2.184,1.003
2023/8/11,4.55,1.931,2.129,0.983
2023/8/14,4.523,1.933,2.113,0.974
2023/8/15,4.519,1.923,2.096,0.96
2023/8/16,4.489,1.909,2.082,0.944
2023/8/17,4.502,1.92,2.094,0.954
2023/8/18,4.452,1.891,2.065,0.95
2023/8/21,4.4,1.866,2.035,0.936
2023/8/22,4.423,1.874,2.038,0.946
2023/8/23,4.368,1.842,1.987,0.922
2023/8/24,4.391,1.848,2.014,0.929
2023/8/25,4.384,1.826,1.991,0.912
2023/8/28,4.437,1.846,2.01,0.922
2023/8/29,4.459,1.886,2.067,0.97
2023/8/30,4.458,1.886,2.066,0.988
2023/8/31,4.439,1.877,2.052,0.987
2023/9/1,4.462,1.879,2.049,0.98
2023/9/4,4.52,1.906,2.067,0.989
2023/9/5,4.493,1.892,2.057,0.975
2023/9/6,4.483,1.891,2.049,0.979
2023/9/7,4.43,1.865,2.003,0.942
2023/9/8,4.409,1.865,1.998,0.944
2023/9/11,4.437,1.886,2.011,0.951
2023/9/12,4.432,1.887,1.998,0.945
2023/9/13,4.407,1.868,1.974,0.932
2023/9/14,4.404,1.866,1.96,0.925
2023/9/15,4.387,1.866,1.954,0.929
2023/9/18,4.4,1.87,1.968,0.923
2023/9/19,4.395,1.862,1.952,0.917
2023/9/20,4.377,1.849,1.936,0.908
2023/9/21,4.342,1.834,1.917,0.904
2023/9/22,4.417,1.866,1.964,0.927
2023/9/25,4.389,1.855,1.953,0.919
2023/9/26,4.368,1.849,1.938,0.92
2023/9/27,4.378,1.857,1.956,0.925
2023/9/28,4.364,1.86,1.953,0.932
2023/10/9,4.354,1.849,1.947,0.93
2023/10/10,4.327,1.84,1.938,0.924
2023/10/11,4.335,1.839,1.954,0.937
2023/10/12,4.371,1.853,1.968,0.943
2023/10/13,4.336,1.843,1.945,0.934
2023/10/16,4.293,1.825,1.906,0.916
2023/10/17,4.305,1.828,1.912,0.924
2023/10/18,4.277,1.806,1.887,0.913
2023/10/19,4.2,1.786,1.867,0.911
2023/10/20,4.182,1.773,1.85,0.904
2023/10/23,4.144,1.726,1.815,0.883
2023/10/24,4.149,1.747,1.832,0.893
2023/10/25,4.169,1.755,1.815,0.891
2023/10/26,4.182,1.763,1.829,0.892
2023/10/27,4.236,1.796,1.881,0.906
2023/10/30,4.252,1.811,1.926,0.92
2023/10/31,4.244,1.807,1.916,0.917
2023/11/1,4.242,1.803,1.908,0.913
2023/11/2,4.225,1.786,1.89,0.903
2023/11/3,4.253,1.8,1.918,0.918
2023/11/6,4.301,1.83,1.981,0.934
2023/11/7,4.29,1.833,1.967,0.935
2023/11/8,4.279,1.832,1.971,0.943
2023/11/9,4.282,1.828,1.967,0.937
2023/11/10,4.255,1.821,1.955,0.931
2023/11/13,4.25,1.831,1.958,0.937
2023/11/14,4.25,1.839,1.953,0.946
2023/11/15,4.275,1.851,1.963,0.942
2023/11/16,4.239,1.832,1.925,0.928
2023/11/17,4.234,1.839,1.934,0.932
2023/11/20,4.245,1.849,1.942,0.934
2023/11/21,4.25,1.843,1.931,0.927
2023/11/22,4.211,1.82,1.899,0.913
2023/11/23,4.23,1.836,1.911,0.918
2023/11/24,4.205,1.821,1.888,0.906
2023/11/27,4.181,1.817,1.878,0.909
2023/11/28,4.185,1.825,1.89,0.913
2023/11/29,4.158,1.816,1.867,0.906
2023/11/30,4.162,1.81,1.874,0.907
2023/12/1,4.148,1.819,1.881,0.91
2023/12/4,4.124,1.815,1.858,0.906
2023/12/5,4.058,1.787,1.823,0.89
2023/12/6,4.063,1.791,1.834,0.892
2023/12/7,4.054,1.792,1.829,0.891
2023/12/8,4.061,1.796,1.843,0.91
2023/12/11,4.085,1.816,1.868,0.923
2023/12/12,4.093,1.819,1.856,0.917
2023/12/13,4.035,1.8,1.822,0.907
2023/12/14,4.019,1.794,1.812,0.902
2023/12/15,4.012,1.78,1.802,0.895
2023/12/18,3.998,1.76,1.773,0.886
2023/12/19,4,1.758,1.781,0.892
2023/12/20,3.969,1.738,1.755,0.881
2023/12/21,4,1.742,1.787,0.893
2023/12/22,4.006,1.737,1.78,0.888
2023/12/25,4.015,1.735,1.783,0.883
2023/12/26,3.995,1.72,1.761,0.868
2023/12/27,4.005,1.725,1.763,0.873
2023/12/28,4.089,1.758,1.833,0.894
2023/12/29,4.099,1.772,1.842,0.897
2024/1/2,4.053,1.765,1.806,0.886
2024/1/3,4.043,1.763,1.787,0.874
2024/1/4,4.013,1.749,1.754,0.866
2024/1/5,3.996,1.726,1.728,0.849
2024/1/8,3.949,1.686,1.699,0.824
2024/1/9,3.957,1.69,1.706,0.824
2024/1/10,3.941,1.685,1.698,0.818
2024/1/11,3.96,1.706,1.732,0.829
2024/1/12,3.949,1.699,1.714,0.818
2024/1/15,3.945,1.695,1.698,0.813
2024/1/16,3.967,1.693,1.708,0.817
2024/1/17,3.892,1.651,1.656,0.795
2024/1/18,3.937,1.652,1.683,0.806
2024/1/19,3.944,1.639,1.669,0.803
2024/1/22,3.875,1.564,1.623,0.776
2024/1/23,3.897,1.589,1.642,0.786
2024/1/24,3.948,1.611,1.65,0.788
2024/1/25,4.004,1.659,1.675,0.804
2024/1/26,3.998,1.64,1.637,0.785
2024/1/29,3.968,1.61,1.58,0.764
2024/1/30,3.912,1.577,1.544,0.735
2024/1/31,3.891,1.536,1.533,0.722
2024/2/1,3.887,1.53,1.548,0.726
2024/2/2,3.857,1.489,1.508,0.707
2024/2/5,3.877,1.456,1.527,0.709
2024/2/6,3.98,1.577,1.623,0.757
2024/2/7,4.009,1.678,1.66,0.777
2024/2/8,4.031,1.685,1.681,0.786
2024/2/19,4.058,1.674,1.697,0.798
2024/2/20,4.07,1.674,1.696,0.79
2024/2/21,4.118,1.673,1.703,0.791
2024/2/22,4.144,1.688,1.71,0.799
2024/2/23,4.147,1.696,1.709,0.801
2024/2/26,4.112,1.692,1.704,0.806
2024/2/27,4.153,1.733,1.746,0.836
2024/2/28,4.117,1.689,1.701,0.808
2024/2/29,4.172,1.744,1.761,0.847
2024/3/1,4.199,1.755,1.775,0.855
2024/3/4,4.196,1.755,1.783,0.856
2024/3/5,4.225,1.746,1.78,0.857
2024/3/6,4.211,1.744,1.782,0.85
2024/3/7,4.192,1.722,1.742,0.832
2024/3/8,4.202,1.745,1.756,0.841
2024/3/11,4.25,1.778,1.84,0.857
2024/3/12,4.255,1.768,1.851,0.856
2024/3/13,4.234,1.765,1.841,0.853
2024/3/14,4.221,1.758,1.832,0.842
2024/3/15,4.23,1.782,1.833,0.847
2024/3/18,4.261,1.804,1.875,0.864
2024/3/19,4.238,1.786,1.853,0.852
2024/3/20,4.241,1.79,1.856,0.854
2024/3/21,4.239,1.781,1.846,0.846
2024/3/22,4.208,1.755,1.817,0.832
2024/3/25,4.189,1.729,1.781,0.82
2024/3/26,4.2,1.721,1.792,0.81
2024/3/27,4.162,1.681,1.742,0.789
2024/3/28,4.179,1.703,1.758,0.799
2024/3/29,4.195,1.725,1.768,0.8
2024/4/1,4.253,1.761,1.822,0.813
2024/4/2,4.241,1.754,1.808,0.806
2024/4/3,4.227,1.753,1.79,0.794
2024/4/8,4.198,1.727,1.758,0.778
2024/4/9,4.192,1.742,1.777,0.785
2024/4/10,4.166,1.721,1.739,0.773
2024/4/11,4.163,1.729,1.731,0.774
2024/4/12,4.135,1.72,1.713,0.773
2024/4/15,4.208,1.743,1.746,0.785
2024/4/16,4.176,1.695,1.713,0.768
2024/4/17,4.222,1.741,1.747,0.785
2024/4/18,4.228,1.744,1.738,0.781
2024/4/19,4.2,1.732,1.705,0.765
2024/4/22,4.193,1.717,1.703,0.766
2024/4/23,4.168,1.698,1.705,0.763
2024/4/24,4.182,1.717,1.719,0.773
2024/4/25,4.192,1.715,1.716,0.768
2024/4/26,4.242,1.753,1.774,0.787
2024/4/29,4.285,1.787,1.837,0.812
2024/4/30,4.267,1.775,1.816,0.804
2024/5/6,4.317,1.803,1.853,0.813
2024/5/7,4.319,1.802,1.85,0.806
2024/5/8,4.29,1.779,1.821,0.797
2024/5/9,4.325,1.812,1.856,0.815
2024/5/10,4.327,1.805,1.84,0.804
2024/5/13,4.324,1.796,1.817,0.798
2024/5/14,4.318,1.794,1.813,0.796
2024/5/15,4.292,1.778,1.797,0.784
2024/5/16,4.304,1.77,1.801,0.781
2024/5/17,4.345,1.795,1.824,0.79
2024/5/20,4.353,1.802,1.831,0.789
2024/5/21,4.341,1.789,1.818,0.783
2024/5/22,4.349,1.787,1.839,0.789
2024/5/23,4.312,1.756,1.811,0.777
2024/5/24,4.271,1.74,1.781,0.761
2024/5/27,4.301,1.756,1.792,0.772
2024/5/28,4.278,1.741,1.769,0.769
2024/5/29,4.279,1.745,1.772,0.769
2024/5/30,4.265,1.741,1.777,0.777
2024/5/31,4.251,1.741,1.772,0.778
2024/6/3,4.256,1.728,1.782,0.785
2024/6/4,4.281,1.751,1.806,0.789
2024/6/5,4.268,1.732,1.796,0.788
2024/6/6,4.268,1.72,1.785,0.779
2024/6/7,4.245,1.712,1.748,0.775
2024/6/11,4.22,1.716,1.752,0.794
2024/6/12,4.216,1.72,1.743,0.793
2024/6/13,4.203,1.712,1.742,0.796
2024/6/14,4.223,1.72,1.756,0.791
2024/6/17,4.213,1.714,1.768,0.794
2024/6/18,4.224,1.723,1.776,0.794
2024/6/19,4.214,1.705,1.753,0.787
2024/6/20,4.191,1.68,1.728,0.791
2024/6/21,4.185,1.683,1.723,0.795
2024/6/24,4.168,1.648,1.696,0.774
2024/6/25,4.147,1.634,1.666,0.751
2024/6/26,4.168,1.656,1.699,0.764
2024/6/27,4.149,1.629,1.67,0.75
2024/6/28,4.156,1.632,1.652,0.745
2024/7/1,4.17,1.651,1.65,0.743
2024/7/2,4.165,1.636,1.633,0.732
2024/7/3,4.159,1.622,1.629,0.734
2024/7/4,4.144,1.6,1.616,0.723
2024/7/5,4.127,1.611,1.623,0.731
2024/7/8,4.103,1.585,1.596,0.724
2024/7/9,4.14,1.613,1.62,0.742
2024/7/10,4.132,1.604,1.618,0.743
2024/7/11,4.178,1.636,1.654,0.751
2024/7/12,4.188,1.629,1.653,0.752
2024/7/15,4.195,1.617,1.64,0.748
2024/7/16,4.22,1.622,1.664,0.764
2024/7/17,4.225,1.611,1.663,0.762
2024/7/18,4.246,1.619,1.686,0.769
2024/7/19,4.269,1.616,1.692,0.784
2024/7/22,4.24,1.612,1.693,0.787
2024/7/23,4.17,1.567,1.64,0.756
2024/7/24,4.148,1.549,1.619,0.746
2024/7/25,4.128,1.547,1.614,0.748
2024/7/26,4.143,1.571,1.627,0.753
2024/7/29,4.123,1.561,1.604,0.74
2024/7/30,4.1,1.56,1.601,0.743
2024/7/31,4.177,1.625,1.658,0.778
2024/8/1,4.152,1.611,1.636,0.774
2024/8/2,4.116,1.59,1.609,0.762
2024/8/5,4.077,1.559,1.576,0.738
2024/8/6,4.077,1.576,1.597,0.748
2024/8/7,4.07,1.577,1.589,0.742
2024/8/8,4.074,1.58,1.582,0.745
2024/8/9,4.062,1.567,1.566,0.742
2024/8/12,4.058,1.567,1.563,0.742
2024/8/13,4.063,1.57,1.578,0.746
2024/8/14,4.039,1.549,1.555,0.736
2024/8/15,4.077,1.561,1.565,0.743
2024/8/16,4.079,1.552,1.561,0.74
2024/8/19,4.088,1.554,1.559,0.739
2024/8/20,4.072,1.528,1.539,0.728
2024/8/21,4.057,1.525,1.529,0.726
2024/8/22,4.048,1.507,1.516,0.719
2024/8/23,4.062,1.507,1.517,0.72
2024/8/26,4.063,1.509,1.515,0.715
2024/8/27,4.046,1.494,1.5,0.708
2024/8/28,4.026,1.495,1.501,0.704
2024/8/29,4.016,1.515,1.513,0.713
2024/8/30,4.061,1.541,1.552,0.728
2024/9/2,4.001,1.51,1.507,0.703
2024/9/3,4.013,1.526,1.525,0.708
2024/9/4,3.992,1.522,1.525,0.705
2024/9/5,3.999,1.529,1.536,0.705
2024/9/6,3.971,1.508,1.508,0.696
2024/9/9,3.93,1.498,1.513,0.687
2024/9/10,3.93,1.497,1.512,0.692
2024/9/11,3.923,1.501,1.528,0.695
2024/9/12,3.912,1.495,1.525,0.69
2024/9/13,3.897,1.48,1.509,0.683
2024/9/18,3.907,1.485,1.504,0.678
2024/9/19,3.934,1.505,1.519,0.683
2024/9/20,3.943,1.495,1.508,0.678
2024/9/23,3.952,1.494,1.501,0.674
2024/9/24,4.096,1.562,1.587,0.699
2024/9/25,4.143,1.573,1.61,0.7
2024/9/26,4.309,1.653,1.686,0.728
2024/9/27,4.538,1.792,1.86,0.792
2024/9/30,4.902,1.953,2.232,0.95
2024/10/8,5.081,2.033,2.678,1.14
2024/10/9,4.691,1.91,2.242,1.096
2024/10/10,4.755,1.887,2.174,1.026
2024/10/11,4.646,1.812,2.06,0.951
2024/10/14,4.709,1.856,2.116,0.974
2024/10/15,4.6,1.81,2.045,0.946
2024/10/16,4.575,1.809,2,0.923
2024/10/17,4.532,1.795,1.995,0.926
2024/10/18,4.685,1.87,2.156,1.041
2024/10/21,4.685,1.888,2.167,1.05
2024/10/22,4.709,1.905,2.175,1.037
2024/10/23,4.724,1.912,2.162,1.032
2024/10/24,4.68,1.896,2.132,1.029
2024/10/25,4.709,1.925,2.196,1.045
2024/10/28,4.715,1.946,2.188,1.039
2024/10/29,4.682,1.927,2.135,1.028
2024/10/30,4.64,1.933,2.111,1.008
2024/10/31,4.64,1.954,2.122,1.02
2024/11/1,4.648,1.937,2.084,0.99
2024/11/4,4.701,1.965,2.145,1.004
2024/11/5,4.806,2.024,2.249,1.05
2024/11/6,4.78,2.026,2.223,1.053
2024/11/7,4.917,2.065,2.306,1.087
2024/11/8,4.863,2.059,2.282,1.081
2024/11/11,4.884,2.093,2.349,1.13
2024/11/12,4.838,2.074,2.345,1.105
2024/11/13,4.864,2.068,2.372,1.116
2024/11/14,4.793,2.013,2.288,1.08
2024/11/15,4.724,1.961,2.204,1.04
2024/11/18,4.707,1.932,2.149,1.02
2024/11/19,4.727,1.962,2.215,1.052
2024/11/20,4.737,1.982,2.223,1.055
2024/11/21,4.742,1.98,2.223,1.064
2024/11/22,4.622,1.903,2.136,1.022
2024/11/25,4.6,1.898,2.132,1.008
2024/11/26,4.592,1.885,2.109,1.002
2024/11/27,4.656,1.921,2.165,1.038
2024/11/28,4.627,1.909,2.128,1.034
2024/11/29,4.67,1.936,2.179,1.06
2024/12/2,4.7,1.966,2.211,1.068
2024/12/3,4.704,1.963,2.198,1.057
2024/12/4,4.683,1.948,2.17,1.05
2024/12/5,4.676,1.954,2.177,1.053
2024/12/6,4.726,1.979,2.224,1.067
2024/12/9,4.723,1.968,2.206,1.054
2024/12/10,4.754,1.985,2.221,1.063
2024/12/11,4.744,2,2.218,1.059
2024/12/12,4.786,2.018,2.248,1.063
2024/12/13,4.689,1.986,2.193,1.042
2024/12/16,4.665,1.956,2.158,1.025
2024/12/17,4.676,1.935,2.159,1.019
2024/12/18,4.693,1.948,2.158,1.033
2024/12/19,4.699,1.953,2.171,1.045
2024/12/20,4.687,1.957,2.169,1.065
2024/12/23,4.691,1.927,2.147,1.052
2024/12/24,4.738,1.949,2.17,1.069
2024/12/25,4.741,1.933,2.156,1.072
2024/12/26,4.742,1.947,2.166,1.081
2024/12/27,4.736,1.952,2.163,1.074
2024/12/30,4.755,1.951,2.165,1.077
2024/12/31,4.691,1.894,2.102,1.045
2025/1/2,4.578,1.838,2.019,1.009
2025/1/3,4.538,1.801,1.978,0.993
2025/1/6,4.522,1.797,1.976,0.989
2025/1/7,4.549,1.816,1.99,1.018
2025/1/8,4.543,1.808,1.968,1.017
2025/1/9,4.535,1.807,1.971,1.015
2025/1/10,4.492,1.781,1.938,1.005
2025/1/13,4.477,1.784,1.942,1.005
2025/1/14,4.575,1.844,2.036,1.037
2025/1/15,4.552,1.829,1.999,1.032
2025/1/16,4.554,1.835,2.01,1.011
2025/1/17,4.567,1.849,2.026,1.02
2025/1/20,4.586,1.858,2.062,1.022
2025/1/21,4.591,1.864,2.07,1.031
2025/1/22,4.555,1.857,2.059,1.029
2025/1/23,4.566,1.85,2.052,1.021
2025/1/24,4.598,1.872,2.084,1.029
2025/1/27,4.576,1.85,2.028,1.009
2025/2/5,4.556,1.858,2.024,1.037
2025/2/6,4.601,1.9,2.08,1.067
2025/2/7,4.657,1.929,2.131,1.076
2025/2/10,4.661,1.946,2.142,1.094
2025/2/11,4.645,1.938,2.113,1.08
2025/2/12,4.683,1.963,2.15,1.099
2025/2/13,4.673,1.954,2.135,1.073
2025/2/14,4.703,1.969,2.174,1.078
2025/2/17,4.71,1.966,2.182,1.093
2025/2/18,4.681,1.934,2.14,1.066
2025/2/19,4.702,1.963,2.185,1.092
2025/2/20,4.69,1.968,2.184,1.091
2025/2/21,4.744,2.001,2.239,1.157
2025/2/24,4.731,1.995,2.221,1.161
2025/2/25,4.69,1.975,2.197,1.162
2025/2/26,4.723,1.998,2.223,1.186
2025/2/27,4.736,1.993,2.212,1.185
2025/2/28,4.663,1.941,2.128,1.133
2025/3/3,4.65,1.944,2.154,1.119
2025/3/4,4.646,1.961,2.149,1.139
2025/3/5,4.663,1.966,2.149,1.142
2025/3/6,4.718,1.996,2.191,1.181
2025/3/7,4.708,1.988,2.16,1.167
2025/3/10,4.692,1.986,2.159,1.163
2025/3/11,4.704,1.995,2.159,1.158
2025/3/12,4.694,1.996,2.149,1.15
2025/3/13,4.674,1.98,2.125,1.126
2025/3/14,4.775,2.015,2.186,1.146
2025/3/17,4.763,2.016,2.173,1.14
2025/3/18,4.772,2.024,2.185,1.146
2025/3/19,4.778,2.016,2.178,1.131
2025/3/20,4.745,2.003,2.158,1.119
2025/3/21,4.679,1.973,2.112,1.095
2025/3/24,4.696,1.971,2.112,1.101
2025/3/25,4.698,1.965,2.105,1.083
2025/3/26,4.682,1.965,2.098,1.081
2025/3/27,4.696,1.97,2.103,1.092
2025/3/28,4.677,1.954,2.089,1.081
2025/3/31,4.653,1.937,2.064,1.074
2025/4/1,4.651,1.947,2.062,1.076
2025/4/2,4.648,1.949,2.064,1.074
2025/4/3,4.628,1.933,2.027,1.068
2025/4/7,4.364,1.752,1.775,0.97
2025/4/8,4.399,1.763,1.804,0.986
2025/4/9,4.435,1.8,1.823,1.028
2025/4/10,4.498,1.834,1.863,1.042
2025/4/11,4.509,1.847,1.892,1.061
2025/4/14,4.517,1.861,1.895,1.064
2025/4/15,4.52,1.853,1.893,1.054
2025/4/16,4.529,1.838,1.87,1.061
2025/4/17,4.532,1.839,1.873,1.066
2025/4/18,4.542,1.839,1.878,1.059
2025/4/21,4.544,1.865,1.908,1.07
2025/4/22,4.547,1.861,1.899,1.066
2025/4/23,4.551,1.864,1.919,1.063
2025/4/24,4.551,1.857,1.907,1.052
2025/4/25,4.551,1.862,1.92,1.054
2025/4/28,4.545,1.854,1.906,1.051
2025/4/29,4.538,1.855,1.903,1.053
2025/4/30,4.535,1.864,1.921,1.062
2025/5/6,4.572,1.898,1.958,1.078
2025/5/7,4.596,1.901,1.967,1.081
2025/5/8,4.619,1.909,2.001,1.077
2025/5/9,4.614,1.894,1.984,1.056
2025/5/12,4.659,1.917,2.037,1.063
2025/5/13,4.663,1.912,2.03,1.06
2025/5/14,4.714,1.919,2.054,1.065
2025/5/15,4.68,1.894,2.012,1.05
2025/5/16,4.658,1.891,2.008,1.044
2025/5/19,4.652,1.895,2.002,1.045
2025/5/20,4.672,1.903,2.018,1.048
2025/5/21,4.688,1.905,2.034,1.045
2025/5/22,4.686,1.891,2.016,1.039
2025/5/23,4.657,1.875,1.994,1.03
2025/5/26,4.636,1.878,1.977,1.035
2025/5/27,4.615,1.874,1.967,1.028
2025/5/28,4.611,1.87,1.959,1.023
2025/5/29,4.635,1.896,1.989,1.04
2025/5/30,4.628,1.885,1.972,1.03
2025/6/3,4.626,1.888,1.977,1.034
2025/6/4,4.643,1.903,2,1.04
2025/6/5,4.653,1.914,2.023,1.051
2025/6/6,4.655,1.915,2.017,1.047
2025/6/9,4.664,1.927,2.034,1.053
2025/6/10,4.641,1.912,2.012,1.032
2025/6/11,4.673,1.924,2.038,1.031
2025/6/12,4.675,1.927,2.04,1.027
2025/6/13,4.649,1.912,2.02,1.022
2025/6/16,4.659,1.918,2.037,1.021
2025/6/17,4.658,1.915,2.028,1.012
2025/6/18,4.661,1.912,2.034,1.018
2025/6/19,4.63,1.893,2.005,1.012
2025/6/20,4.635,1.881,1.988,1.006
2025/6/23,4.648,1.891,1.998,1.012
2025/6/24,4.693,1.921,2.044,1.029
2025/6/25,4.758,1.956,2.109,1.048
2025/6/26,4.743,1.948,2.093,1.041
2025/6/27,4.72,1.955,2.101,1.041
2025/6/30,4.739,1.972,2.133,1.056
2025/7/1,4.745,1.978,2.126,1.048
2025/7/2,4.749,1.967,2.104,1.035
2025/7/3,4.772,1.974,2.141,1.036
2025/7/4,4.789,1.972,2.133,1.035
2025/7/7,4.771,1.968,2.11,1.029
2025/7/8,4.805,1.994,2.159,1.044
2025/7/9,4.802,1.985,2.163,1.036
2025/7/10,4.822,1.996,2.169,1.033
2025/7/11,4.836,2.013,2.185,1.047
2025/7/14,4.835,2.009,2.177,1.046
2025/7/15,4.835,2.008,2.212,1.048
2025/7/16,4.826,2.008,2.206,1.049
2025/7/17,4.859,2.031,2.247,1.057
2025/7/18,4.889,2.037,2.252,1.06
2025/7/21,4.914,2.056,2.275,1.061
2025/7/22,4.958,2.077,2.289,1.069
2025/7/23,4.956,2.07,2.287,1.074
2025/7/24,4.982,2.1,2.325,1.086
2025/7/25,4.96,2.101,2.318,1.109
2025/7/28,4.971,2.109,2.342,1.11
2025/7/29,4.992,2.122,2.383,1.125
2025/7/30,4.989,2.109,2.345,1.112
2025/7/31,4.912,2.079,2.301,1.101
2025/8/1,4.89,2.076,2.303,1.091
2025/8/4,4.909,2.091,2.313,1.104
2025/8/5,4.94,2.104,2.32,1.109
2025/8/6,4.951,2.121,2.336,1.113
2025/8/7,4.95,2.115,2.32,1.112
2025/8/8,4.94,2.111,2.312,1.096
2025/8/11,4.959,2.133,2.357,1.103
2025/8/12,4.985,2.143,2.385,1.124
2025/8/13,5.02,2.171,2.473,1.133
2025/8/14,5.013,2.149,2.446,1.142
2025/8/15,5.052,2.195,2.509,1.158
2025/8/18,5.084,2.224,2.582,1.183
2025/8/19,5.062,2.219,2.575,1.17
2025/8/20,5.121,2.248,2.588,1.208
2025/8/21,5.135,2.236,2.572,1.208
2025/8/22,5.236,2.277,2.662,1.323
2025/8/25,5.322,2.317,2.737,1.356
2025/8/26,5.298,2.32,2.716,1.336
2025/8/27,5.232,2.29,2.696,1.337
2025/8/28,5.316,2.338,2.806,1.433
2025/8/29,5.358,2.35,2.865,1.412
2025/9/1,5.373,2.371,2.927,1.431
2025/9/2,5.347,2.322,2.848,1.394
2025/9/3,5.306,2.285,2.87,1.365
2025/9/4,5.213,2.234,2.751,1.282
2025/9/5,5.311,2.308,2.944,1.326
2025/9/8,5.312,2.328,2.908,1.328
2025/9/9,5.285,2.307,2.845,1.307
2025/9/10,5.295,2.306,2.875,1.321
2025/9/11,5.417,2.377,3.025,1.393
2025/9/12,5.378,2.382,2.995,1.406
2025/9/15,5.386,2.377,3.037,1.409
2025/9/16,5.377,2.395,3.059,1.426
2025/9/17,5.41,2.419,3.119,1.44
2025/9/18,5.351,2.398,3.067,1.45
2025/9/19,5.361,2.389,3.062,1.431
2025/9/22,5.376,2.407,3.082,1.479
2025/9/23,5.379,2.394,3.093,1.475
2025/9/24,5.42,2.443,3.16,1.53
2025/9/25,5.452,2.446,3.211,1.548
2025/9/26,5.408,2.413,3.129,1.524
2025/9/29,5.485,2.453,3.213,1.543
2025/9/30,5.498,2.471,3.217,1.57
2025/10/9,5.573,2.513,3.235,1.618
2025/10/10,5.476,2.467,3.095,1.528
2025/10/13,5.449,2.455,3.054,1.546
2025/10/14,5.402,2.398,2.934,1.481
2025/10/15,5.463,2.431,3.003,1.501
2025/10/16,5.478,2.413,3.014,1.487
2025/10/17,5.381,2.341,2.915,1.433
2025/10/20,5.397,2.356,2.971,1.437
2025/10/21,5.467,2.395,3.062,1.477
2025/10/22,5.452,2.377,3.039,1.476
2025/10/23,5.47,2.385,3.038,1.473
2025/10/24,5.527,2.423,3.147,1.535
2025/10/27,5.583,2.458,3.209,1.558
2025/10/28,5.559,2.446,3.205,1.545
2025/10/29,5.619,2.495,3.3,1.565
2025/10/30,5.58,2.464,3.239,1.535
2025/10/31,5.513,2.445,3.166,1.488
2025/11/3,5.52,2.446,3.176,1.47
2025/11/4,5.486,2.405,3.112,1.455
2025/11/5,5.492,2.411,3.142,1.46
2025/11/6,5.562,2.45,3.201,1.509
2025/11/7,5.552,2.446,3.185,1.487
2025/11/10,5.564,2.449,3.158,1.478
2025/11/11,5.52,2.431,3.113,1.457
2025/11/12,5.522,2.419,3.108,1.449
2025/11/13,5.569,2.454,3.182,1.469
2025/11/14,5.498,2.413,3.093,1.431
2025/11/17,5.467,2.413,3.084,1.422
2025/11/18,5.44,2.389,3.051,1.427
2025/11/19,5.454,2.378,3.057,1.413
2025/11/20,5.433,2.359,3.026,1.396
2025/11/21,5.321,2.28,2.904,1.351
2025/11/24,5.314,2.295,2.908,1.36
2025/11/25,5.354,2.322,2.961,1.369
2025/11/26,5.383,2.326,3.027,1.382
2025/11/27,5.379,2.321,3.012,1.379
2025/11/28,5.392,2.348,3.035,1.393
2025/12/1,5.444,2.37,3.073,1.404
2025/12/2,5.423,2.35,3.052,1.387
2025/12/3,5.402,2.338,3.019,1.375
2025/12/4,5.414,2.345,3.051,1.394
2025/12/5,5.455,2.374,3.089,1.394
2025/12/8,5.489,2.394,3.171,1.42
2025/12/9,5.465,2.377,3.188,1.414
2025/12/10,5.459,2.389,3.192,1.415
2025/12/11,5.425,2.369,3.146,1.392
2025/12/12,5.451,2.396,3.174,1.418
2025/12/15,5.424,2.38,3.12,1.389
2025/12/16,5.377,2.345,3.06,1.361
2025/12/17,5.456,2.388,3.164,1.396
2025/12/18,5.425,2.376,3.092,1.376
2025/12/19,5.445,2.397,3.107,1.38
2025/12/22,5.487,2.423,3.175,1.405
2025/12/23,5.497,2.425,3.185,1.41
2025/12/24,5.514,2.456,3.212,1.423
2025/12/25,5.523,2.476,3.222,1.422
2025/12/26,5.541,2.491,3.226,1.419
2025/12/29,5.52,2.481,3.205,1.417
2025/12/30,5.53,2.491,3.229,1.433
2025/12/31,5.51,2.494,3.186,1.417
2026/1/5,5.601,2.559,3.281,1.479
2026/1/6,5.676,2.613,3.303,1.505
2026/1/7,5.658,2.625,3.311,1.52
2026/1/8,5.62,2.634,3.287,1.531
2026/1/9,5.642,2.695,3.314,1.554
2026/1/12,5.67,2.759,3.371,1.594
2026/1/13,5.653,2.724,3.306,1.549
2026/1/14,5.623,2.743,3.332,1.579
2026/1/15,5.632,2.735,3.352,1.573
2026/1/16,5.616,2.74,3.346,1.593
2026/1/19,5.618,2.757,3.318,1.586
2026/1/20,5.604,2.75,3.263,1.56
2026/1/21,5.61,2.784,3.281,1.616
2026/1/22,5.607,2.796,3.315,1.622
2026/1/23,5.584,2.877,3.337,1.635
2026/1/26,5.592,2.827,3.305,1.615
2026/1/27,5.59,2.844,3.327,1.64
2026/1/28,5.605,2.868,3.307,1.635
2026/1/29,5.648,2.835,3.292,1.589
2026/1/30,5.591,2.787,3.335,1.588
2026/2/2,5.48,2.661,3.252,1.528
2026/2/3,5.544,2.763,3.313,1.548
2026/2/4,5.587,2.77,3.297,1.531
2026/2/5,5.559,2.715,3.238,1.508
2026/2/6,5.529,2.714,3.229,1.499
2026/2/9,5.607,2.773,3.321,1.535
2026/2/10,5.613,2.767,3.311,1.55
2026/2/11,5.603,2.778,3.273,1.533
2026/2/12,5.607,2.811,3.319,1.559
2026/2/13,5.551,2.765,3.265,1.548
2026/2/24,5.596,2.796,3.295,1.543
2026/2/25,5.63,2.839,3.344,1.552
2026/2/26,5.615,2.848,3.336,1.564
2026/2/27,5.605,2.882,3.301,1.566
2026/3/2,5.619,2.881,3.282,1.544
2026/3/3,5.558,2.766,3.205,1.464
2026/3/4,5.49,2.747,3.154,1.459
2026/3/5,5.534,2.765,3.206,1.482
2026/3/6,5.547,2.781,3.225,1.491
2026/3/9,5.509,2.76,3.201,1.465
2026/3/10,5.563,2.8,3.296,1.495
2026/3/11,5.591,2.796,3.335,1.477
2026/3/12,5.574,2.782,3.308,1.456
2026/3/13,5.557,2.746,3.3,1.45
2026/3/16,5.56,2.729,3.349,1.458
2026/3/17,5.526,2.671,3.273,1.428
2026/3/18,5.542,2.696,3.338,1.445
2026/3/19,5.479,2.628,3.303,1.411
2026/3/20,5.456,2.585,3.341,1.388
2026/3/23,5.31,2.489,3.228,1.329
2026/3/24,5.359,2.534,3.237,1.359
2026/3/25,5.424,2.59,3.307,1.385
2026/3/26,5.368,2.549,3.263,1.357
2026/3/27,5.388,2.582,3.293,1.37
2026/3/30,5.38,2.587,3.264,1.359
2026/3/31,5.343,2.544,3.182,1.324
2026/4/1,5.414,2.584,3.232,1.369
2026/4/2,5.369,2.54,3.164,1.33
2026/4/3,5.334,2.518,3.141,1.324
2026/4/7,5.326,2.527,3.151,1.342
2026/4/8,5.482,2.654,3.345,1.425
2026/4/9,5.452,2.634,3.32,1.415
2026/4/10,5.522,2.657,3.437,1.437
2026/4/13,5.532,2.655,3.468,1.448
2026/4/14,5.592,2.697,3.55,1.479
2026/4/15,5.574,2.681,3.511,1.482
2026/4/16,5.626,2.727,3.624,1.498
2026/4/17,5.619,2.739,3.67,1.499
